time,open,high,low,close,volume
2026-02-09T12:00:00+00:00,400.16,414.35,400.16,413.33,62187
2026-02-10T12:00:00+00:00,413.33,423.15,412.01,412.81,62180
2026-02-11T12:00:00+00:00,412.81,415.71,400.49,403.64,67717
2026-02-12T12:00:00+00:00,403.64,405.67,397.48,401.63,57910
2026-02-13T12:00:00+00:00,401.63,404.91,397.52,400.66,49660
2026-02-17T12:00:00+00:00,400.66,400.66,393.99,396.33,51453
2026-02-18T12:00:00+00:00,396.33,402,395.81,398.97,44060
2026-02-19T12:00:00+00:00,398.97,403.88,396.16,398.02,43713
2026-02-20T12:00:00+00:00,398.02,399.54,394.59,396.53,53050
2026-02-23T12:00:00+00:00,396.53,396.53,382.57,384.13,48388
2026-02-24T12:00:00+00:00,384.13,388.7,381.17,388.6,39827
2026-02-25T12:00:00+00:00,388.6,400.57,388.6,399.88,45784
2026-02-26T12:00:00+00:00,399.88,406.91,398.2,401.26,39162
2026-02-27T12:00:00+00:00,401.26,401.26,389.39,391.85,68236
2026-03-02T12:00:00+00:00,393.76,400.64,393.47,397.93,45139
2026-03-03T12:00:00+00:00,398.05,406.17,392.14,403.38,56758
2026-03-04T12:00:00+00:00,403.38,410.5,399.81,404.55,45683
2026-03-05T12:00:00+00:00,404.55,411.05,403.82,410.36,54094
2026-03-06T12:00:00+00:00,410.36,412.46,407.99,408.16,53406
2026-03-09T12:00:00+00:00,408.16,409.69,403.83,409.15,35174
2026-03-10T12:00:00+00:00,409.15,409.5,402.41,405.1,48369
2026-03-11T12:00:00+00:00,407.34,407.7,401.04,404.09,40562
2026-03-12T12:00:00+00:00,404.09,405.58,401.16,401.7,43797
2026-03-13T12:00:00+00:00,401.7,404.26,393.86,394.84,45344
2026-03-16T12:00:00+00:00,394.84,400.05,394.84,399.36,48125
2026-03-17T12:00:00+00:00,399.36,403.83,397.21,399.21,51602
2026-03-18T12:00:00+00:00,399.21,399.21,390.48,391.1,63105
2026-03-19T12:00:00+00:00,391.1,391.93,386.54,388.25,51911
2026-03-20T12:00:00+00:00,388.25,388.25,379.59,381.28,53649
2026-03-23T12:00:00+00:00,381.28,386.64,381.16,382.7,50854
2026-03-24T12:00:00+00:00,382.7,382.7,371.31,372.08,61072
2026-03-25T12:00:00+00:00,372.08,376.22,369.1,370.44,46109
2026-03-26T12:00:00+00:00,370.44,374.17,364.67,365.33,52635
2026-03-27T12:00:00+00:00,365.33,365.33,355.99,356.3,72168
2026-03-30T12:00:00+00:00,356.3,364.78,355.74,358.56,67946
2026-03-31T12:00:00+00:00,358.56,372.25,358.56,369.38,79915
2026-04-01T12:00:00+00:00,369.38,372.61,367.68,368.87,61774
2026-04-02T12:00:00+00:00,368.87,373.05,363.62,372.81,60516
2026-04-06T12:00:00+00:00,372.81,373.08,368.98,372.15,40588
2026-04-07T12:00:00+00:00,372.15,372.15,366.02,371.58,68561
2026-04-08T12:00:00+00:00,371.58,384.34,370.88,373.73,64868
2026-04-09T12:00:00+00:00,373.73,373.73,366.53,372.69,43590
2026-04-10T12:00:00+00:00,372.69,375.05,369.49,370.24,38167
2026-04-13T12:00:00+00:00,370.24,384.07,370.24,383.85,52523
2026-04-14T12:00:00+00:00,383.85,394.15,383.85,392.32,58120
2026-04-15T12:00:00+00:00,392.32,413.82,392.32,410.66,59315
2026-04-16T12:00:00+00:00,410.66,420.25,410.66,419.61,60067
2026-04-17T12:00:00+00:00,419.61,431.05,419.61,422.15,68636
2026-04-20T12:00:00+00:00,422.15,422.24,415.78,417.47,49387
2026-04-21T12:00:00+00:00,417.47,426.65,416.68,423.88,45625
2026-04-22T12:00:00+00:00,423.88,432.8,423.16,432.08,36470
2026-04-23T12:00:00+00:00,432.08,432.08,410.88,415.04,48669
2026-04-24T12:00:00+00:00,415.04,424.28,415.04,424.26,33865
2026-04-27T12:00:00+00:00,424.26,426.49,416.58,424.52,44434
2026-04-28T12:00:00+00:00,424.52,429.38,421.38,428.97,41219
2026-04-29T12:00:00+00:00,428.97,428.97,419.74,424.43,46117
2026-04-30T12:00:00+00:00,424.43,424.43,397.48,407.61,59939
2026-05-01T12:00:00+00:00,407.61,416.53,407.61,414,42561
2026-05-04T12:00:00+00:00,414,420.22,411.39,413.12,53435
2026-05-05T12:00:00+00:00,413.12,415.95,408.28,410.75,42958
2026-05-06T12:00:00+00:00,410.75,417.74,404.58,413.58,41170
2026-05-07T12:00:00+00:00,413.58,427.38,413.58,420.65,40476
2026-05-08T12:00:00+00:00,420.65,420.65,413.48,414.73,38409
2026-05-11T12:00:00+00:00,414.73,414.73,407.44,412.18,38935
2026-05-12T12:00:00+00:00,412.18,414.78,406.11,406.98,38587
2026-05-13T12:00:00+00:00,406.98,406.98,400.5,404.77,35612
2026-05-14T12:00:00+00:00,404.77,411.28,400.36,408.99,38913
2026-05-15T12:00:00+00:00,408.99,427.63,408.99,421.81,53201
2026-05-18T12:00:00+00:00,421.81,424.53,416.48,423.19,42418
2026-05-19T12:00:00+00:00,423.19,432.11,415.91,417.31,41053
2026-05-20T12:00:00+00:00,417.31,421.47,410.79,420.49,39691
2026-05-21T12:00:00+00:00,420.49,425.61,415.18,418.95,38824
2026-05-22T12:00:00+00:00,418.95,423.74,415.8,418.14,34375
2026-05-26T12:00:00+00:00,418.14,419.2,412.5,415.39,33689
2026-05-27T12:00:00+00:00,415.39,415.39,409.06,412.27,33034
2026-05-28T12:00:00+00:00,412.27,428.89,412.14,426.7,41845
2026-05-29T12:00:00+00:00,426.7,449.87,426.7,448.15,48046
2026-06-01T12:00:00+00:00,448.15,465.76,448.15,460.29,47856
2026-06-02T12:00:00+00:00,460.29,460.29,439.91,440.73,44092
2026-06-03T12:00:00+00:00,440.73,440.73,423.72,427.23,43121
2026-06-04T12:00:00+00:00,427.23,435.43,425.88,427.48,31193
2026-06-05T12:00:00+00:00,427.48,428.65,413.87,416.44,40093
2026-06-08T12:00:00+00:00,416.44,416.47,408.05,411.26,38530
2026-06-09T12:00:00+00:00,411.26,411.4,397.94,402.43,50136
2026-06-10T12:00:00+00:00,402.43,404.47,396.68,396.7,48382
2026-06-11T12:00:00+00:00,396.7,396.7,383.48,389.42,60724
2026-06-12T12:00:00+00:00,389.42,390.98,381.74,390.08,54676
2026-06-15T12:00:00+00:00,390.08,401.19,390.08,399.39,38947
2026-06-16T12:00:00+00:00,399.39,399.39,390.16,393.33,43647
2026-06-17T12:00:00+00:00,393.33,393.33,376.81,378.27,66214
2026-06-18T12:00:00+00:00,378.27,380.85,372.74,378.41,40878
2026-06-22T12:00:00+00:00,378.41,380.98,366.48,366.86,60598
2026-06-23T12:00:00+00:00,366.86,376.67,366.86,373.53,77381
2026-06-24T12:00:00+00:00,373.53,378.33,364.09,365.01,78077
2026-06-25T12:00:00+00:00,365.01,365.01,348.67,352.06,93051
2026-06-26T12:00:00+00:00,352.06,376.08,352.06,370.67,87426
2026-06-29T12:00:00+00:00,370.67,379.94,366.3,368.04,51582
2026-06-30T12:00:00+00:00,368.04,373.6,366.84,372.24,53130
2026-07-01T12:00:00+00:00,372.24,388.29,372.24,383.86,66693
2026-07-02T12:00:00+00:00,383.86,391.67,383.17,389.09,45031
2026-07-06T12:00:00+00:00,389.09,389.09,380.69,386.21,40560
2026-07-07T12:00:00+00:00,386.21,394.96,386.21,388.25,81793
2026-07-08T12:00:00+00:00,388.25,388.25,380.78,382.37,65337
2026-07-09T12:00:00+00:00,382.37,384.13,372.83,383.78,50588
2026-07-10T12:00:00+00:00,383.78,391.3,380.98,384.65,61146
2026-07-13T12:00:00+00:00,384.65,393.11,384.65,390.71,26342
2026-07-14T12:00:00+00:00,390.71,390.71,378.02,384.55,33584
2026-07-15T12:00:00+00:00,384.55,398.41,384.55,394.99,40532
2026-07-16T12:00:00+00:00,394.99,405.4,391.48,400.66,42478
2026-07-17T12:00:00+00:00,400.66,400.66,388.84,393.23,38987
2026-07-20T12:00:00+00:00,391.22,402.52,389.48,401.97,39479
2026-07-21T12:00:00+00:00,401.97,401.97,395.71,396.96,29899
2026-07-22T12:00:00+00:00,396.96,400.09,386.43,389.72,34623
2026-07-23T12:00:00+00:00,389.72,391.14,376.83,381.18,39542
2026-07-24T12:00:00+00:00,381.18,388.33,380.09,380.96,36641
2026-07-27T12:00:00+00:00,380.96,393.56,380.96,388.74,36659
2026-07-28T12:00:00+00:00,388.74,399.77,388.74,392.88,41026
2026-07-29T12:00:00+00:00,392.88,400.69,388.14,391.54,83757
2026-07-30T12:00:00+00:00,391.54,458.09,391.54,451.07,80312
2026-07-31T12:00:00+00:00,451.07,466.3,449.03,464.5,55475
2026-08-03T12:00:00+00:00,464.5,491.05,464.5,487.29,79659
2026-08-04T12:00:00+00:00,487.29,498.81,478.92,491.96,45806
2026-08-05T12:00:00+00:00,491.96,497.51,485.12,486.93,40383
2026-08-06T12:00:00+00:00,486.93,500.99,486.93,499.27,60386
2026-08-07T12:00:00+00:00,499.27,504.6,498.14,498.7,33060
2026-08-10T12:00:00+00:00,499.27,513.16,499.27,505.2,36323
2026-08-11T12:00:00+00:00,505.2,505.2,499.13,503.22,31617
2026-08-12T12:00:00+00:00,503.22,503.22,490.98,491.92,32518
2026-08-13T12:00:00+00:00,491.92,500.61,491.92,496.47,30769
2026-08-14T12:00:00+00:00,496.47,499.47,493.29,494.57,29346
2026-08-17T12:00:00+00:00,494.57,494.57,477.88,480.09,46476
2026-08-18T12:00:00+00:00,480.09,483.51,476.55,481.24,42049
2026-08-19T12:00:00+00:00,481.24,488.68,478.49,483.89,50235
2026-08-20T12:00:00+00:00,483.89,483.89,478.98,480.98,45849
2026-08-21T12:00:00+00:00,480.98,485.79,477.99,482.97,38982
2026-08-24T12:00:00+00:00,482.97,490.01,482.07,486.93,34422
2026-08-25T12:00:00+00:00,486.93,490.92,483.68,489.53,23141
2026-08-26T12:00:00+00:00,490.9,496.47,486.81,494.04,18494
2026-08-27T12:00:00+00:00,495.86,505.88,489.52,504.24,28997
2026-08-28T12:00:00+00:00,504.24,517.21,504.24,513.13,38463
2026-08-31T12:00:00+00:00,513.13,513.13,505.78,506.72,27829
2026-09-01T12:00:00+00:00,506.72,506.72,496.09,500.48,29617
